{"cameraMode":{"drawMode":0,"name":"Shaded","section":"Shading Mode"},"sceneLighting":true,"audioPlay":false,"sceneViewState":{"showFog":true,"showMaterialUpdate":false,"showSkybox":true,"showFlares":true,"showImageEffects":true,"showParticleSystems":true},"in2DMode":false,"pivot":{"x":-17.612510681152345,"y":-2.992459297180176,"z":0.8388237953186035},"rotation":{"x":-0.09208249300718308,"y":0.6451323628425598,"z":-0.07881924510002136,"w":-0.7545073628425598},"size":22.0,"orthographic":false}