{"cameraMode":{"drawMode":0,"name":"Shaded","section":"Shading Mode"},"sceneLighting":true,"audioPlay":false,"sceneViewState":{"showFog":true,"showMaterialUpdate":false,"showSkybox":true,"showFlares":true,"showImageEffects":true,"showParticleSystems":true},"in2DMode":false,"pivot":{"x":99.81257629394531,"y":-992.4429321289063,"z":1485.83642578125},"rotation":{"x":0.28847458958625796,"y":0.03302266448736191,"z":-0.00995256844907999,"w":0.9568759202957153},"size":1821.103759765625,"orthographic":false}