{"cameraMode":{"drawMode":0,"name":"Shaded","section":"Shading Mode"},"sceneLighting":true,"audioPlay":false,"sceneViewState":{"showFog":true,"showMaterialUpdate":false,"showSkybox":true,"showFlares":true,"showImageEffects":true,"showParticleSystems":true},"in2DMode":false,"pivot":{"x":-0.2457876354455948,"y":16.63610076904297,"z":3.3160998821258547},"rotation":{"x":0.00944602396339178,"y":-0.7117847204208374,"z":0.7024639248847961,"w":0.00917135737836361},"size":6.566917896270752,"orthographic":false}